request_id,language,category,original_text,issue,location,district,state,urgency,requested_service,travel_distance_km,cluster_id,submission_channel,created_at
JS-2026-000101,Telugu,Healthcare,మా గ్రామంలో సరైన ఆసుపత్రి లేదు. చికిత్స కోసం 20 కిలోమీటర్లు ప్రయాణించాలి.,Lack of nearby healthcare facility,Bhoothpur Rural,Mahabubnagar,Telangana,High,Primary Health Centre,20.0,cluster-ts-health-01,Voice,2026-09-21T08:15:00Z
JS-2026-000102,English,Healthcare,Our village does not have a proper hospital. We have to travel 20 km for treatment.,Lack of nearby healthcare facility,Midjil Mandal,Mahabubnagar,Telangana,High,Healthcare facility,20.0,cluster-ts-health-01,Web Portal,2026-09-21T09:30:00Z
JS-2026-000103,Telugu,Healthcare,ఎమర్జెన్సీ సమయంలో అంబులెన్స్ రావడానికి గంట సమయం పడుతుంది, దగ్గరలో దవాఖానా లేదు.,Emergency ambulance delay and absence of clinic,Jadcherla Outskirts,Mahabubnagar,Telangana,High,Emergency First-Aid Clinic,18.5,cluster-ts-health-01,Mobile App,2026-09-22T11:45:00Z
JS-2026-000104,Hindi,Healthcare,हमारे गांव में प्राथमिक स्वास्थ्य केंद्र नहीं है। इलाज के लिए 25 किलोमीटर दूर जाना पड़ता है।,No primary health centre in village,Dudhi Sector,Sonbhadra,Uttar Pradesh,High,Primary Health Centre,25.0,cluster-up-health-01,Voice,2026-09-22T14:10:00Z
JS-2026-000105,Telugu,Water,మా గ్రామంలో తాగునీటి సరఫరా సరిగ్గా లేదు, ప్రతిరోజూ నీటికోసం దూరంగా వెళ్లాల్సి వస్తోంది.,Irregular drinking water supply,Koilkonda,Mahabubnagar,Telangana,Medium,Piped Water Connection,3.5,cluster-ts-water-01,Web Portal,2026-09-23T10:05:00Z
JS-2026-000106,English,Roads,Main approach road washed away during monsoon, buses cannot reach the village school.,Damaged rural road preventing bus transport,Bhamragad,Gadchiroli,Maharashtra,High,All-weather Pucca Road,12.0,cluster-mh-road-01,Web Portal,2026-09-23T16:20:00Z
JS-2026-000107,Telugu,Education,హైస్కూల్‌లో సైన్స్ ల్యాబ్ మరియు తగినంత మంది ఉపాధ్యాయులు లేరు.,Inadequate high school teachers and science lab,Parkal,Warangal,Telangana,Medium,High School Upgrade,0.0,cluster-ts-edu-01,Web Portal,2026-09-24T09:00:00Z
JS-2026-000108,English,Public Transport,RTC bus arrives only once a day at 6 AM, students and daily wage workers stranded.,Infrequent public bus schedule,Pattikonda,Kurnool,Andhra Pradesh,Medium,Scheduled RTC Bus Frequency,15.0,cluster-ap-transit-01,Voice,2026-09-24T13:40:00Z
JS-2026-000109,Hindi,Electricity,खेती के लिए केवल 3 घंटे बिजली मिलती है, वो भी रात में ट्रांसफार्मर जल जाता है।,Erratic farming electricity and frequent transformer burnout,Ghorawal,Sonbhadra,Uttar Pradesh,High,Dedicated Agrifeeder & Transformer,0.0,cluster-up-power-01,Voice,2026-09-25T07:30:00Z
JS-2026-000110,Telugu,Healthcare,గర్భిణీ స్త్రీలకు డెలివరీ కోసం జిల్లా ఆసుపత్రికి వెళ్లడం చాలా కష్టంగా ఉంది.,Maternal delivery care facility absent,Bhoothpur,Mahabubnagar,Telangana,High,Maternity & Child Health Centre,22.0,cluster-ts-health-01,Web Portal,2026-09-25T15:20:00Z
