state,district,population,rural_population,urban_population,literacy_rate,area_sq_km
Telangana,Mahabubnagar,1486777,1189421,297356,60.6,5286
Telangana,Warangal,1135708,794995,340713,75.9,1766
Telangana,Nalgonda,1618416,1391837,226579,63.7,7122
Telangana,Adilabad,708972,538818,170154,63.4,4153
Andhra Pradesh,Kurnool,2271686,1703764,567922,60.0,7980
Andhra Pradesh,Anantapur,2241196,1636073,605123,63.6,10205
Maharashtra,Gadchiroli,1072942,954918,118024,74.4,14412
Maharashtra,Pune,9429408,3677469,5751939,86.2,15643
Karnataka,Raichur,1928812,1427320,501492,59.6,8386
Karnataka,Kalaburagi,2566326,1721000,845326,64.9,10951
Tamil Nadu,Dharmapuri,1506843,1249760,257083,68.5,4497
Uttar Pradesh,Sonbhadra,1862559,1545923,316636,64.0,6788
